<?xml version="1.0" encoding="UTF-8"?>
<project-private xmlns="http://www.netbeans.org/ns/project-private/1">
    <editor-bookmarks xmlns="http://www.netbeans.org/ns/editor-bookmarks/2" lastBookmarkId="0"/>
    <open-files xmlns="http://www.netbeans.org/ns/projectui-open-files/2">
        <group>
            <file>file:/D:/priya/AddressBook-MVC-java-master/AddressBook-MVC-java-master/src/mvc/dao/AddressBookDAOImplementation.java</file>
            <file>file:/D:/priya/AddressBook-MVC-java-master/AddressBook-MVC-java-master/src/mvc/Startingpoint.java</file>
            <file>file:/D:/priya/AddressBook-MVC-java-master/AddressBook-MVC-java-master/src/mvc/models/Person.java</file>
            <file>file:/D:/priya/AddressBook-MVC-java-master/AddressBook-MVC-java-master/src/mvc/util/DBConnection.java</file>
            <file>file:/D:/priya/AddressBook-MVC-java-master/AddressBook-MVC-java-master/src/mvc/dao/AddressBookDAO.java</file>
            <file>file:/D:/priya/AddressBook-MVC-java-master/AddressBook-MVC-java-master/dbconfig.properties</file>
            <file>file:/D:/priya/AddressBook-MVC-java-master/AddressBook-MVC-java-master/src/mvc/views/DetailViewPanel.java</file>
            <file>file:/D:/priya/AddressBook-MVC-java-master/AddressBook-MVC-java-master/src/mvc/controller/AddressBookController.java</file>
        </group>
    </open-files>
</project-private>
